title,company_name,link
프론트엔드 개발자,플립커뮤니케이션즈,https://www.wanted.co.kr//wd/120477
Flutter 앱 개발자 (2년 이상),무사퇴근,https://www.wanted.co.kr//wd/274237
[병역특례 현역/보충역] Flutter개발자,넛지헬스케어(캐시워크),https://www.wanted.co.kr//wd/168259
Flutter App Senior 개발자,셀러비코리아,https://www.wanted.co.kr//wd/273403
모바일 앱(Flutter) 개발자(3년~6년),펀치랩,https://www.wanted.co.kr//wd/266208
[Plus]Flutter 개발자,앤서스랩코리아,https://www.wanted.co.kr//wd/272689
모바일 엔지니어 (Flutter),엘리스,https://www.wanted.co.kr//wd/262121
플러터 개발자(3~8년),래딩랩스,https://www.wanted.co.kr//wd/248956
프론트엔드 개발자,플립커뮤니케이션즈,https://www.wanted.co.kr//wd/120477
Flutter 앱 개발자 (2년 이상),무사퇴근,https://www.wanted.co.kr//wd/274237
[병역특례 현역/보충역] Flutter개발자,넛지헬스케어(캐시워크),https://www.wanted.co.kr//wd/168259
Flutter App Senior 개발자,셀러비코리아,https://www.wanted.co.kr//wd/273403
모바일 앱(Flutter) 개발자(3년~6년),펀치랩,https://www.wanted.co.kr//wd/266208
[Plus]Flutter 개발자,앤서스랩코리아,https://www.wanted.co.kr//wd/272689
모바일 엔지니어 (Flutter),엘리스,https://www.wanted.co.kr//wd/262121
플러터 개발자(3~8년),래딩랩스,https://www.wanted.co.kr//wd/248956
[SW팀] 크로스플랫폼 앱 개발자(Flutter),이노버스,https://www.wanted.co.kr//wd/249843
프론트엔드 개발 리드 (7년차 이상),페이버릿미디엄,https://www.wanted.co.kr//wd/260050
앱(Flutter) 개발,어플레이즈,https://www.wanted.co.kr//wd/258622
"[개발] 앱(Flutter) 개발자 (7~10년, 리더)",중고나라,https://www.wanted.co.kr//wd/256682
[ECG Buddy] Flutter 개발자 (5년 이상),알피,https://www.wanted.co.kr//wd/268323
플러터 개발자,리프로덕션,https://www.wanted.co.kr//wd/266306
Flutter Web CRM 개발자,에이치아이티,https://www.wanted.co.kr//wd/270330
"개발팀장 (플러터+백엔드 개발, 5년 이상)",더블유클럽,https://www.wanted.co.kr//wd/191442
Flutter 개발자,코보시스,https://www.wanted.co.kr//wd/99737
플러터(Flutter) 웹(Web) 개발자,에이치아이티,https://www.wanted.co.kr//wd/262569
[계약직] Flutter / node.js 개발자,인졀미,https://www.wanted.co.kr//wd/238403
Flutter 앱 / Node.js 개발자,인졀미,https://www.wanted.co.kr//wd/210107
[신입] Flutter 앱 / Node.js 개발자,인졀미,https://www.wanted.co.kr//wd/210056
렌탈 서비스 개발 프로젝트 Flutter 개발자 (고급),이그레브,https://www.wanted.co.kr//wd/226388
Flutter 모바일 개발,버터플라잉,https://www.wanted.co.kr//wd/215084
Flutter App Senior 개발자 (5년 이상),에스케이렌터카(SK렌터카),https://www.wanted.co.kr//wd/270459
Next.js (React) 및 Flutter 프론트엔드,인휴먼즈,https://www.wanted.co.kr//wd/273531
[개발] 앱(Flutter) 개발자(1~3년),중고나라,https://www.wanted.co.kr//wd/267805
Flutter 개발자,메디씨앤씨(MediC&C),https://www.wanted.co.kr//wd/271514
"모바일 앱 개발자 (Flutter, iOS, Android)",에임(AIM),https://www.wanted.co.kr//wd/269482
[일레븐플러스] Flutter 개발,캔랩코리아,https://www.wanted.co.kr//wd/273797
앱개발팀 Flutter 신규 서비스 개발 및 구독서비스 운영,헥토이노베이션,https://www.wanted.co.kr//wd/273815
[신입] 모바일 엔지니어 (Flutter),엘리스,https://www.wanted.co.kr//wd/262125
BE/FE 개발자 (3년차~),참치상사,https://www.wanted.co.kr//wd/271836
Flutter 개발자 (디지털트윈 & 스마트 솔루션 혁신),시어스랩(Seerslab),https://www.wanted.co.kr//wd/267655
앱 개발자 (Flutter),누비랩,https://www.wanted.co.kr//wd/270410
플러터 / 리액트 개발자,안전집사,https://www.wanted.co.kr//wd/270802
Frontend Engineer (React & Flutter),메딜리티,https://www.wanted.co.kr//wd/261544
Flutter App 개발자,제네시스네스트,https://www.wanted.co.kr//wd/232666
Flutter 앱 개발자,엑스퍼트아이엔씨,https://www.wanted.co.kr//wd/271757
flutter 모바일 개발자,메디쏠라,https://www.wanted.co.kr//wd/262222
"[쿠팡] Staff, Mobile Engineer (Flutter)",쿠팡,https://www.wanted.co.kr//wd/261200
모바일 앱 개발자 (Flutter),트리플콤마(골드스푼),https://www.wanted.co.kr//wd/228740
풀스택 개발자 (3년이상),하트스페이스,https://www.wanted.co.kr//wd/269388
풀스택 App 개발자,에이치비엠피,https://www.wanted.co.kr//wd/160644
[광고 제품팀] 백엔드 개발자 (3년 이상),버즈빌(buzzvil),https://www.wanted.co.kr//wd/268852
"모바일 앱 개발자(Flutter, React Native)",부지런컴퍼니,https://www.wanted.co.kr//wd/260319
"안드로이드 개발자 (Flutter, Android)",그래픽,https://www.wanted.co.kr//wd/260804
Flutter 개발자,한국클라우드,https://www.wanted.co.kr//wd/256864
[999F] Flutter 풀스택 개발자,이쿠아,https://www.wanted.co.kr//wd/261856
"프론트엔드 / 모바일 (Vue, Flutter) 엔지니어",드래프티파이,https://www.wanted.co.kr//wd/220132
