title,region,link
 Remote RN (Registered Nurse) , United States , MPF Federal ,https://weworkremotely.com//remote-jobs/mpf-federal-remote-rn-registered-nurse-1
 Junior Business Development Representative , Remote , SocialMadeSimple ,https://weworkremotely.com//remote-jobs/socialmadesimple-junior-business-development-representative
 Licensed Marriage & Family Therapist (LMFT) ," Glendale, California, United States ", Gotham Enterprises ,https://weworkremotely.com//remote-jobs/gotham-enterprises-licensed-marriage-family-therapist-lmft
 Marketing Internship Remote 3-Month Full-Time Opportunity ," Kigali, Rwanda ", M365Connect ,https://weworkremotely.com//remote-jobs/m365connect-marketing-internship-remote-3-month-full-time-opportunity
 Head of Marketing and Sales Enablement (Europe market) , Ukraine , Jooble ,https://weworkremotely.com//remote-jobs/jooble-head-of-marketing-and-sales-enablement-europe-market
 Mid/Senior Backend Developer , Remote , Walter ,https://weworkremotely.com//remote-jobs/walter-mid-senior-backend-developer
 Experienced Amazon Operations Manager , Cyprus , ILTERVET LLC ,https://weworkremotely.com//remote-jobs/iltervet-llc-experienced-amazon-operations-manager
 Executive Assistant to the CEO | Bookyourdata (Loom video required!) , Remote , Bookyourdata ,https://weworkremotely.com//remote-jobs/bookyourdata-executive-assistant-to-the-ceo-bookyourdata-loom-video-required
 Freelancer-Remote Graphic Designer , Switzerland , Orca International ,https://weworkremotely.com//remote-jobs/orca-international-freelancer-remote-graphic-designer
 Remote Account Representative ," Pittsburgh,PA ", GL-Arias Organization ,https://weworkremotely.com//remote-jobs/gl-arias-organization-remote-account-representative
 Lead Software Engineer , London , Anima Health ,https://weworkremotely.com//remote-jobs/anima-health-lead-software-engineer
 Business Analyst , Virtual , Elite Software Automation ,https://weworkremotely.com//remote-jobs/elite-software-automation-business-analyst
" Technical web manager (Remote, Europe or Asia Pacific) ", Creative Force , Creative Force ,https://weworkremotely.com//remote-jobs/creative-force-technical-web-manager-remote-europe-or-asia-pacific-1
 Senior Backend Engineer (Toggl Hire) ," Tallinn, Estonia ", Toggl ,https://weworkremotely.com//remote-jobs/toggl-senior-backend-engineer-toggl-hire
 QA Engineer , Virtual , Elite Software Automation ,https://weworkremotely.com//remote-jobs/elite-software-automation-qa-engineer-1
 E-Commerce Support Assistant ," Vorderer Berg 48, 73035 G√∂ppingen, Germany ", Global Talent Hub ,https://weworkremotely.com//remote-jobs/global-talent-hub-e-commerce-support-assistant
 Golang Engineer ,Ï†ïÎ≥¥ÏóÜÏùå, Canonical ,https://weworkremotely.com//remote-jobs/canonical-golang-engineer
 Scalability Analytics Lead , San Francisco USA , Instacart ,https://weworkremotely.com//remote-jobs/instacart-scalability-analytics-lead
 Security Technical Program Manager , San Francisco USA , Abnormal Security ,https://weworkremotely.com//remote-jobs/abnormal-security-security-technical-program-manager
 Implementation Manager , California USA , Cresta ,https://weworkremotely.com//remote-jobs/cresta-implementation-manager
 Acquisition Specialist ,Ï†ïÎ≥¥ÏóÜÏùå, Pie Insurance ,https://weworkremotely.com//remote-jobs/pie-insurance-acquisition-specialist
" Actuarial Manager, Pricing ", San Francisco USA , DoorDash ,https://weworkremotely.com//remote-jobs/doordash-actuarial-manager-pricing
 Senior Next.js Developer , Sweden , Proxify AB ,https://weworkremotely.com//remote-jobs/proxify-ab-senior-next-js-developer
 Senior ERP Software Engineer (SAP Commerce Cloud) , Sweden , Proxify AB ,https://weworkremotely.com//remote-jobs/proxify-ab-senior-erp-software-engineer-sap-commerce-cloud
 Senior Magento Developer , Sweden , Proxify AB ,https://weworkremotely.com//remote-jobs/proxify-ab-senior-magento-developer-1
 Senior ERP Software Engineer (SAP SuccessFactors) , Sweden , Proxify AB ,https://weworkremotely.com//remote-jobs/proxify-ab-senior-erp-software-engineer-sap-successfactors
 Senior Ruby on Rails Developer , Sweden , Proxify AB ,https://weworkremotely.com//remote-jobs/proxify-ab-senior-ruby-on-rails-developer
 Senior ERP Software Engineer (SAP Business One) , Sweden , Proxify AB ,https://weworkremotely.com//remote-jobs/proxify-ab-senior-erp-software-engineer-sap-business-one
 Senior Enterprise Application Developer (Power Platform) , Sweden , Proxify AB ,https://weworkremotely.com//remote-jobs/proxify-ab-senior-enterprise-application-developer-power-platform
 Senior Sharepoint Developer , Sweden , Proxify AB ,https://weworkremotely.com//remote-jobs/proxify-ab-senior-sharepoint-developer
 Senior Enterprise Systems Engineer (Microsoft 365 Admin) , Sweden , Proxify AB ,https://weworkremotely.com//remote-jobs/proxify-ab-senior-enterprise-systems-engineer-microsoft-365-admin
 Senior Enterprise System Engineer (Power Automate) , Sweden , Proxify AB ,https://weworkremotely.com//remote-jobs/proxify-ab-senior-enterprise-system-engineer-power-automate
 Senior Customer Success Manager , Remote , Walter ,https://weworkremotely.com//remote-jobs/walter-senior-customer-success-manager
 UI/UX Designer ," Scottsdale, AZ ", Files.com ,https://weworkremotely.com//remote-jobs/files-com-ui-ux-designer-2
 Senior Backend Software Developer ," Quebec, Canada ", Missive ,https://weworkremotely.com//remote-jobs/missive-senior-backend-software-developer
 Staff Software Engineer ," Boston, MA ", Laudio ,https://weworkremotely.com//remote-jobs/laudio-staff-software-engineer
 Senior Full-Stack Developer ," Somerville, MA "," Patent Bots, Inc. ",https://weworkremotely.com//remote-jobs/patent-bots-inc-senior-full-stack-developer
 Remote Data Analyst ," Saatwinkler Damm , Berlin, Germany ", Nest Step ,https://weworkremotely.com//remote-jobs/nest-step-remote-data-analyst
 Security Architect , Saudi Arabia , Soar Global Pte. Ltd. ,https://weworkremotely.com//remote-jobs/soar-global-pte-ltd-security-architect
 Head of Engineering , Saudi Arabia , Soar Global Pte. Ltd. ,https://weworkremotely.com//remote-jobs/soar-global-pte-ltd-head-of-engineering
 Technical Lead , Saudi Arabia , Soar Global Pte. Ltd. ,https://weworkremotely.com//remote-jobs/soar-global-pte-ltd-technical-lead
 Chief Technology Officer , Saudi Arabia , Soar Global Pte. Ltd. ,https://weworkremotely.com//remote-jobs/soar-global-pte-ltd-chief-technology-officer
 Software Engineer ," Philadelphia, USA ", Cortes 23 ,https://weworkremotely.com//remote-jobs/cortes-23-software-engineer-1
 Inside Sales Representative ," Jacksonville, FL ", Unload My Home ,https://weworkremotely.com//remote-jobs/unload-my-home-inside-sales-representative
 Account Executive , USA , Close ,https://weworkremotely.com//remote-jobs/close-account-executive
 B2B Sales Representative - Events Industry , Remote , Walter ,https://weworkremotely.com//remote-jobs/walter-b2b-sales-representative-events-industry
 Community Support Lead ," San Francisco, CA ", Contra ,https://weworkremotely.com//remote-jobs/contra-community-support-lead-1
 Director of Investments & Asset Management - Real Estate , Remote , Walter ,https://weworkremotely.com//remote-jobs/walter-director-of-investments-asset-management-real-estate
 Agency & Recruiter Partnerships Account Executive , Remote , We Work Remotely ,https://weworkremotely.com//remote-jobs/we-work-remotely-agency-recruiter-partnerships-account-executive
 Conversation Designer , Remote , Walter ,https://weworkremotely.com//remote-jobs/walter-conversation-designer
 WP All Import: SEO Strategist & Writer , The Internet , WP All Import ,https://weworkremotely.com//remote-jobs/wp-all-import-wp-all-import-seo-strategist-writer
 AI (LLM) Fullstack Engineer , San Francisco , CloudDevs ,https://weworkremotely.com//remote-jobs/clouddevs-ai-llm-fullstack-engineer-3
 Software Design Engineer , Virtual , Elite Software Automation ,https://weworkremotely.com//remote-jobs/elite-software-automation-software-design-engineer
" Chat Support Agent (Remote) - Entry Level, No Degree Required - 15 - 18 per Hour "," Atlanta, Georgia ", NoGigiddy ,https://weworkremotely.com//remote-jobs/nogigiddy-chat-support-agent-remote-entry-level-no-degree-required-15-18-4
 Collections Account Manager , California , Clipboard Health ,https://weworkremotely.com//remote-jobs/clipboard-health-collections-account-manager-2
 Head of Business Development (¬£120k OTE) ," Oxford, UK ", Ellipsis¬Æ ,https://weworkremotely.com//remote-jobs/ellipsis-head-of-business-development-120k-ote
 Machine Learning Engineer (Automation) , London , Paymentology ,https://weworkremotely.com//remote-jobs/paymentology-machine-learning-engineer-automation
 Inbound Growth Engineer ," Raleigh, NC, USA ", Nutrient ,https://weworkremotely.com//remote-jobs/nutrient-inbound-growth-engineer
 Real Estate Operations Manager ‚Äì Private Equity , Remote , Walter ,https://weworkremotely.com//remote-jobs/walter-real-estate-operations-manager-private-equity
" Account Executive, Enterprise ", San Francisco USA , Retool ,https://weworkremotely.com//remote-jobs/retool-account-executive-enterprise
 Executive Assistant , LATAM , Remote ,https://weworkremotely.com//remote-jobs/remote-executive-assistant
 UI/UX Designer ," Atlanta, Georgia ", Spiralyze ,https://weworkremotely.com//remote-jobs/spiralyze-ui-ux-designer
 Senior Product Manager ," Tallinn, Estonia ", Toggl ,https://weworkremotely.com//remote-jobs/toggl-senior-product-manager-3
 Project/Product Manager ," Atlanta, Georgia ", Spiralyze ,https://weworkremotely.com//remote-jobs/spiralyze-project-product-manager
 Senior Full-Stack JavaScript Engineer , US Virgin Islands , BrandChamp ,https://weworkremotely.com//remote-jobs/brandchamp-senior-full-stack-javascript-engineer
 IFRS Accountant with Multiple Jurisdiction Experience , Remote , Flag Theory ,https://weworkremotely.com//remote-jobs/flag-theory-ifrs-accountant-with-multiple-jurisdiction-experience
 Linux Cloud Systems Administrator ," Melbourne, Australia ", ZenSmart.ai ,https://weworkremotely.com//remote-jobs/zensmart-ai-linux-cloud-systems-administrator
 Digital Sales Representative ," Wyoming, USA ", Fesh ,https://weworkremotely.com//remote-jobs/fesh-digital-sales-representative
 Sales Team Leader - Manager ," Schwyz, Switzerland ", xoangels ,https://weworkremotely.com//remote-jobs/xoangels-sales-team-leader-manager
 Virtual Operations Coordinator ," Las Vegas, NV USA ", Ronda Nelson & Co ,https://weworkremotely.com//remote-jobs/ronda-nelson-co-virtual-operations-coordinator
 Pre-planning Sales Representative (Worldwide - U.S. Excluded) , San Francisco , Loop Support ,https://weworkremotely.com//remote-jobs/loop-support-pre-planning-sales-representative-worldwide-u-s-excluded
" Marketing Manager, Partnerships "," San Francisco, California, USA ", Thumbtack ,https://weworkremotely.com//remote-jobs/thumbtack-marketing-manager-partnerships
 Marketing Automation SaaS + Services Line of Business Owner ," Boulder, CO ", New Law Business Model ,https://weworkremotely.com//remote-jobs/new-law-business-model-marketing-automation-saas-services-line-of-business-owner
 Partnerships Strategy Lead , USA , Subscript ,https://weworkremotely.com//remote-jobs/subscript-partnerships-strategy-lead
 Senior Account Executive - Full Cycle , USA , Subscript ,https://weworkremotely.com//remote-jobs/subscript-senior-account-executive-full-cycle-1
 Entrepreneurial Partner / Chief of Staff ," New York, NY ", Greyworks ,https://weworkremotely.com//remote-jobs/greyworks-entrepreneurial-partner-chief-of-staff
 Digital Content Strategist (Remote - Europe-Based) ," Saatwinkler Damm , Berlin, Germany ", Nest Step ,https://weworkremotely.com//remote-jobs/nest-step-digital-content-strategist-remote-europe-based
 Advertising Designer (Remote ‚Äì Europe-Based) ," Saatwinkler Damm , Berlin, Germany ", Nest Step ,https://weworkremotely.com//remote-jobs/nest-step-advertising-designer-remote-europe-based
 Sales Associate / Marketing Specialist (Remote ‚Äì Europe-Based) ," Saatwinkler Damm , Berlin, Germany ", Nest Step ,https://weworkremotely.com//remote-jobs/nest-step-sales-associate-marketing-specialist-remote-europe-based
 Senior Software Engineer ," Novi Sad, Serbia ", Semaphore ,https://weworkremotely.com//remote-jobs/semaphore-senior-software-engineer-5
 Product Testing and Reviews Specialist (Remote ‚Äì Europe-Based) ," Saatwinkler Damm , Berlin, Germany ", Nest Step ,https://weworkremotely.com//remote-jobs/nest-step-product-testing-and-reviews-specialist-remote-europe-based
 Director of Software Engineering (Web Security) , Estonia , Blackwall ,https://weworkremotely.com//remote-jobs/blackwall-director-of-software-engineering-web-security
" Software Engineer (Frontend, Backend, or Full stack) ", USA , Subscript ,https://weworkremotely.com//remote-jobs/subscript-software-engineer-frontend-backend-or-full-stack-2
 Account Executive (North America - SMB) , Remote , Float ,https://weworkremotely.com//remote-jobs/float-account-executive-north-america-smb
 Senior Software Engineer - GoLang , New York , Platform Engineering Labs ,https://weworkremotely.com//remote-jobs/platform-engineering-labs-senior-software-engineer-golang
 Customer Success Expert , San Francisco , Mozio ,https://weworkremotely.com//remote-jobs/mozio-customer-success-expert
 Client Facing Business Analyst , [REMOTE] , Casasoft ,https://weworkremotely.com//remote-jobs/casasoft-client-facing-business-analyst
 Senior Web Designer , USA , AgentFire.com ,https://weworkremotely.com//remote-jobs/agentfire-com-senior-web-designer
 Partnerships Marketing Manager ," Austin, TX ", Clearscope ,https://weworkremotely.com//remote-jobs/clearscope-partnerships-marketing-manager
 QA Engineer , USA , Coursify ,https://weworkremotely.com//remote-jobs/coursify-qa-engineer
 Social Media Marketing Specialist (Remote - Europe-Based) ," Saatwinkler Damm , Berlin, Germany ", Nest Step ,https://weworkremotely.com//remote-jobs/nest-step-social-media-marketing-specialist-remote-europe-based
 HubSpot CRM Director , Remote , World Insurance Associates. ,https://weworkremotely.com//remote-jobs/world-insurance-associates-hubspot-crm-director
 Chief Financial Officer - B2B EXIT & B2B CFO , Remote , B2B Cfo ,https://weworkremotely.com//remote-jobs/b2b-cfo-chief-financial-officer-b2b-exit-b2b-cfo
 OnlyFans Chat Agent , Miami , Bunny Agency LLC ,https://weworkremotely.com//remote-jobs/bunny-agency-llc-onlyfans-chat-agent
 Project Manager , USA , AgentFire.com ,https://weworkremotely.com//remote-jobs/agentfire-com-project-manager
 Sales Development Representative , Canada , Interlane Logistics ,https://weworkremotely.com//remote-jobs/interlane-logistics-sales-development-representative
 Backend Engineer (Data Platform) , London , Desia Limited ,https://weworkremotely.com//remote-jobs/desia-limited-backend-engineer-data-platform
 Mid-level PHP Developer for B2B SaaS ,Ï†ïÎ≥¥ÏóÜÏùå, Gymdesk ,https://weworkremotely.com//remote-jobs/gymdesk-mid-level-php-developer-for-b2b-saas
 Head of Product ," Tallinn, Estonia ", Toggl ,https://weworkremotely.com//remote-jobs/toggl-head-of-product
 Senior Engagement Strategist/Associate Director (Pharma agency required) , (US) / Remote (CA) , Avalere Health ,https://weworkremotely.com//remote-jobs/avalere-health-senior-engagement-strategist-associate-director-pharma-agency-required
 Analytics Supervisor ," - San Francisco, CA ", AXM ,https://weworkremotely.com//remote-jobs/axm-analytics-supervisor
 Senior Backend Engineer ," Cambridge, MA ", Proton.ai ,https://weworkremotely.com//remote-jobs/proton-ai-senior-backend-engineer
 Senior Site Reliability Engineer ," Acireale, Italy ", BaxEnergy ,https://weworkremotely.com//remote-jobs/baxenergy-senior-site-reliability-engineer
 PR Campaign Manager , California , PR Volt ,https://weworkremotely.com//remote-jobs/pr-volt-pr-campaign-manager
 Senior Front End Web Engineer , Fully Remote , Elevate Labs ,https://weworkremotely.com//remote-jobs/elevate-labs-senior-front-end-web-engineer-2
" Sr. Software Engineer, Simulation ", San Francisco , CodeSignal ,https://weworkremotely.com//remote-jobs/codesignal-sr-software-engineer-simulation
 Data Entry Specialist , Saudi Arabia , Alfanoos International Ltd ,https://weworkremotely.com//remote-jobs/alfanoos-international-ltd-data-entry-specialist
 Full Time Senior Bookkeeper/Staff Accountant ," Austin, Texas ", Tk Solutions ,https://weworkremotely.com//remote-jobs/tk-solutions-full-time-senior-bookkeeper-staff-accountant
 Product Manager ," Austin, TX ", SlideSpeak ,https://weworkremotely.com//remote-jobs/slidespeak-product-manager
 Digital Marketing Manager , New Zealand , SaleHoo ,https://weworkremotely.com//remote-jobs/salehoo-digital-marketing-manager
 Experienced Insurance Agent , Remote , Kristie Fetterly ,https://weworkremotely.com//remote-jobs/kristie-fetterly-experienced-insurance-agent
 Webflow & Wordpress Developer , Texas , The Sher Agency ,https://weworkremotely.com//remote-jobs/the-sher-agency-webflow-wordpress-developer
 Senior Software Support Engineer (remote) , Chapel Hill , CData Virtuality ,https://weworkremotely.com//remote-jobs/cdata-virtuality-senior-software-support-engineer-remote
 Senior Platform Engineer (remote) , Leipzig , CData Software ,https://weworkremotely.com//remote-jobs/cdata-software-senior-platform-engineer-remote
 PMO sp√©cialis√© en automation / IA , France Paris , Entrepreneurs.Com ,https://weworkremotely.com//remote-jobs/entrepreneurs-com-pmo-specialise-en-automation-ia
" Sr. Software Engineer - Must have Fluency in English, both Written and Verbal - (Web Apps, JavaScript, React Or Vue, HTML, CSS, JS) "," - Brazil, Sao Paolo ", FactSet ,https://weworkremotely.com//remote-jobs/factset-sr-software-engineer-must-have-fluency-in-english-both-written-and-verbal
 Client Manager , Home based-New Jersey , RELX Company ,https://weworkremotely.com//remote-jobs/relx-company-client-manager
 Senior Software Engineer - Backend/Python - USA Only (100% Remote) , USA , Close ,https://weworkremotely.com//remote-jobs/close-senior-software-engineer-backend-python-usa-only-100-remote
 Senior Software Engineer (Full-Stack) ," Raleigh, NC (USA) ", Ren Systems ,https://weworkremotely.com//remote-jobs/ren-systems-senior-software-engineer-full-stack
 Senior iOS Developer (Remote) ," Limassol, Lemes√≥s, Cyprus ", Neybox Digital Ltd. ,https://weworkremotely.com//remote-jobs/neybox-digital-ltd-senior-ios-developer-remote
 Engineering Backend Team Lead (Data Org) ," Tel Aviv-Yafo, Tel Aviv District, Israel ", monday.com ,https://weworkremotely.com//remote-jobs/monday-com-engineering-backend-team-lead-data-org
 Techno-Functional Consultant - Microsoft D365 Sales (CRM) , Tunisia , CXG ,https://weworkremotely.com//remote-jobs/cxg-techno-functional-consultant-microsoft-d365-sales-crm
 Account Executive (UK) , Latin America , Donorbox ,https://weworkremotely.com//remote-jobs/donorbox-account-executive-uk
 CRM Specialist , Poland , Booksy ,https://weworkremotely.com//remote-jobs/booksy-crm-specialist
 Shopify Designer ," Dubai, UAE ", Brook Hiddink - Highticket.io ,https://weworkremotely.com//remote-jobs/brook-hiddink-highticket-io-shopify-designer
 Software Quality Assurance Manager , Saudi Arabia , Soar Global Pte. Ltd. ,https://weworkremotely.com//remote-jobs/soar-global-pte-ltd-software-quality-assurance-manager
 Frontend Engineering Manager , Saudi Arabia , Soar Global Pte. Ltd. ,https://weworkremotely.com//remote-jobs/soar-global-pte-ltd-frontend-engineering-manager
 Senior Manual Software Testing Engineer , Saudi Arabia , Soar Global Pte. Ltd. ,https://weworkremotely.com//remote-jobs/soar-global-pte-ltd-senior-manual-software-testing-engineer
 Freelancer Travel Consultant , Dubai , Dreamport ,https://weworkremotely.com//remote-jobs/dreamport-freelancer-travel-consultant-1
 Founding Engineer , United States , Glidely ,https://weworkremotely.com//remote-jobs/glidely-founding-engineer
 Inside Sales Agent Real Estate ," Jacksonville, Florida ", Blue Ocean Home Buyers ,https://weworkremotely.com//remote-jobs/blue-ocean-home-buyers-inside-sales-agent-real-estate
 Remote High Ticket Sales Closer , United States , PIP University ,https://weworkremotely.com//remote-jobs/pip-university-remote-high-ticket-sales-closer
 Software Engineering Manager - Cloud - Flex/Remote - F/H , France Strasbourg , Scalingo ,https://weworkremotely.com//remote-jobs/scalingo-software-engineering-manager-cloud-flex-remote-f-h-1
 Software Engineering Manager - Cloud - Flex/Remote - F/H , France Strasbourg , Scalingo ,https://weworkremotely.com//remote-jobs/scalingo-software-engineering-manager-cloud-flex-remote-f-h
 Account Executive , United Kingdom , BlueGamma ,https://weworkremotely.com//remote-jobs/bluegamma-account-executive-1
" Manager, Customer Success "," New York, NY ", Relay Commerce ,https://weworkremotely.com//remote-jobs/relay-commerce-manager-customer-success
 Senior Back-end engineer (Ruby/Rails) ," Klampenborg, Denmark ", Codeable ,https://weworkremotely.com//remote-jobs/codeable-senior-back-end-engineer-ruby-rails-1
 Digital Marketing Specialist , Remote , Maharishi Foundation International ,https://weworkremotely.com//remote-jobs/maharishi-foundation-international-digital-marketing-specialist
 Backend Developer at Pulse , USA , Pulse ,https://weworkremotely.com//remote-jobs/pulse-backend-developer-at-pulse
 Product Marketing Manager , London , Sendible ,https://weworkremotely.com//remote-jobs/sendible-product-marketing-manager-1
 QA Analyst , Remote , Wealthbox CRM ,https://weworkremotely.com//remote-jobs/wealthbox-crm-qa-analyst
 Senior Software Engineer - Frontend/React - USA Only (100% Remote) , USA , Close ,https://weworkremotely.com//remote-jobs/close-senior-software-engineer-frontend-react-usa-only-100-remote
 Internet of Things Technical Lead , New York City , Sanctuary Computer ,https://weworkremotely.com//remote-jobs/sanctuary-computer-internet-of-things-technical-lead
 Data Coordinator ," Hurst, TX ", BBE Marketing Inc ,https://weworkremotely.com//remote-jobs/bbe-marketing-inc-data-coordinator-1
 Engineering Manager / Tech Lead (IC) , Hyderabad , Canterr IT Services India pvt ltd ,https://weworkremotely.com//remote-jobs/canterr-it-services-india-pvt-ltd-engineering-manager-tech-lead-ic
 üöÄ HighLevel (GHL) & AI Automation Specialist ‚Äì Full-Time (US Time Zone) , United States , Simplicity AI ,https://weworkremotely.com//remote-jobs/simplicity-ai-highlevel-ghl-ai-automation-specialist-full-time-us-time-zone
 Senior Product Designer ," Carlsbad, CA ", FieldLevel ,https://weworkremotely.com//remote-jobs/fieldlevel-inc-senior-product-designer
" Senior Software Engineer (Backend, Native Android or iOS) ", New York City , Sanctuary Computer ,https://weworkremotely.com//remote-jobs/sanctuary-computer-senior-software-engineer-backend-native-android-or-ios
 Sales Account Executive ," Raleigh, NC (USA) ", Ren Systems ,https://weworkremotely.com//remote-jobs/ren-systems-sales-account-executive
 Customer Success Agent ," Jacksonville, FL ", Breezy HR ,https://weworkremotely.com//remote-jobs/breezy-hr-customer-success-agent-3
 Backend Sales Manager / Sales Trainer ," Basel, Switzerland ", K&L Management GmbH ,https://weworkremotely.com//remote-jobs/k-l-management-gmbh-backend-sales-manager-sales-trainer
 Google Ads Account Manager - Remote (Work From Home) , Texas , StubGroup ,https://weworkremotely.com//remote-jobs/stubgroup-google-ads-account-manager-remote-work-from-home
 Sales Development Representative (cold calling) , California , PR Volt ,https://weworkremotely.com//remote-jobs/pr-volt-sales-development-representative-cold-calling
 Senior Product Designer , NYC , DistroKid ,https://weworkremotely.com//remote-jobs/distrokid-senior-product-designer
" Senior Software Engineer, ML Platform & Data Acquisition (Python) ", Florida , Speechify Inc ,https://weworkremotely.com//remote-jobs/speechify-inc-senior-software-engineer-ml-platform-data-acquisition-python
 Senior iOS Engineer , Florida , Speechify Inc ,https://weworkremotely.com//remote-jobs/speechify-inc-senior-ios-engineer
 Senior Data Engineer - AI Team , Florida , Speechify Inc ,https://weworkremotely.com//remote-jobs/speechify-inc-senior-data-engineer-ai-team
 Admin and Support Specialist , Denmark , IxDF - Interaction Design Foundation ,https://weworkremotely.com//remote-jobs/ixdf-interaction-design-foundation-admin-and-support-specialist-2
 Backend Engineer (Node.js) , New York ," Popcorn Labs, Inc ",https://weworkremotely.com//remote-jobs/popcorn-labs-inc-backend-engineer-node-js
 Senior Front End Developer , Australia , Bellroy ,https://weworkremotely.com//remote-jobs/bellroy-senior-front-end-developer-1
 Senior Independent Product Manager/Product Designer ($90-$170/hr) ," NYC, SF, and TLV ", A.Team ,https://weworkremotely.com//remote-jobs/a-team-senior-independent-product-manager-product-designer-90-170-hr
 URGENT Remote Real Estate Salesperson ," Saint Augustine, Florida ", Yellow Card Properties ,https://weworkremotely.com//remote-jobs/yellow-card-properties-urgent-remote-real-estate-salesperson
 Staff Software Engineer ," Acireale, Italy ", BaxEnergy ,https://weworkremotely.com//remote-jobs/baxenergy-staff-software-engineer
 Cloud Software Engineer ," Via Sclafani, 40D, 95024 Acireale CT, Italy ", Wisnam ,https://weworkremotely.com//remote-jobs/wisnam-cloud-software-engineer-1
 Software Engineering Manager ," Via Sclafani, 40D, 95024 Acireale CT, Italy ", Wisnam ,https://weworkremotely.com//remote-jobs/wisnam-software-engineering-manager
 Administrative & Operational Assistant - Remote (USA/Canada) , United States , Citygreen Systems LLC ,https://weworkremotely.com//remote-jobs/citygreen-systems-llc-administrative-operational-assistant-remote-usa-canada
 Founding Product Engineer , San Francisco , GrowthX ,https://weworkremotely.com//remote-jobs/growthx-founding-product-engineer
 Managing Editor , San Francisco , GrowthX ,https://weworkremotely.com//remote-jobs/growthx-managing-editor
 Lead Software Developer ," S√£o Paulo, State of S√£o Paulo, Brazil ", LawnStarter ,https://weworkremotely.com//remote-jobs/lawnstarter-lead-software-developer
" Senior Software Engineer, Platform ", Florida , Speechify Inc ,https://weworkremotely.com//remote-jobs/speechify-inc-senior-software-engineer-platform
 Senior Web Developer , Hybrid , Voices ,https://weworkremotely.com//remote-jobs/voices-senior-web-developer
 Remote VP of Engineering , Brussels , Soda Data NV ,https://weworkremotely.com//remote-jobs/soda-data-nv-remote-vp-of-engineering
 First Product Designer ," Bordeaux, France ", CardNexus ,https://weworkremotely.com//remote-jobs/cardnexus-first-product-designer
 Senior Backend Engineer ," Bordeaux, France ", CardNexus ,https://weworkremotely.com//remote-jobs/cardnexus-senior-backend-engineer
 Full Stack Shopify Developer , Vancouver , Pearl West Group ,https://weworkremotely.com//remote-jobs/pearl-west-group-full-stack-shopify-developer
 Staff Software Engineer , Murmuration , Murmuration ,https://weworkremotely.com//remote-jobs/murmuration-staff-software-engineer-1
 Travel Agent - Serbia , New York , Sienna Charles ,https://weworkremotely.com//remote-jobs/sienna-charles-travel-agent-serbia
 Virtual Assistants for a Personal Injury Law Firm - Customer Service and Sales Experience ," Miami Lakes, FL ", The Ward Law Group ,https://weworkremotely.com//remote-jobs/the-ward-law-group-virtual-assistants-for-a-personal-injury-law-firm-customer-service
 Marketing Director , United States (Remote) , Localize ,https://weworkremotely.com//remote-jobs/localize-marketing-director
 Senior Data Engineer (Python + Remote) , Brussels Belgium , Soda Data ,https://weworkremotely.com//remote-jobs/soda-data-senior-data-engineer-python-remote
 Full Stack Engineer JD , Miami FL , Boomerang Bucks ,https://weworkremotely.com//remote-jobs/boomerang-bucks-full-stack-engineer-jd
 Backend / Full Stack 10x Engineer ," San Francisco, CA ", SFR3 Fund ,https://weworkremotely.com//remote-jobs/sfr3-fund-backend-full-stack-10x-engineer
 Ruby on Rails Developer ," Suburban Philadelphia, PA ", Power Home Remodeling ,https://weworkremotely.com//remote-jobs/power-home-remodeling-ruby-on-rails-developer-3
 Senior Backend Engineer , Mexico City , Cheqpay ,https://weworkremotely.com//remote-jobs/cheqpay-senior-backend-engineer
 Performance Marketing Executive ,Ï†ïÎ≥¥ÏóÜÏùå, Constable.co.uk ,https://weworkremotely.com//remote-jobs/constable-co-uk-performance-marketing-executive
 Experienced Full-stack Developer , New York City , Sanctuary Computer ,https://weworkremotely.com//remote-jobs/sanctuary-computer-experienced-full-stack-developer-1
 Backend Typescript Engineer ," Washington, District of Columbia, United States ", Manual ,https://weworkremotely.com//remote-jobs/manual-backend-typescript-engineer
" React&Python,R :Bio&Pathology Field Senior Full Stuck Developer ", japan , LifeAnalytics ,https://weworkremotely.com//remote-jobs/lifeanalytics-react-python-r-bio-pathology-field-senior-full-stuck-developer
 Senior Backend Engineer , Fully Remote , Elevate Labs ,https://weworkremotely.com//remote-jobs/elevate-labs-senior-backend-engineer-1
 Senior Mobile Engineer , Remote , Maharishi Foundation International ,https://weworkremotely.com//remote-jobs/maharishi-foundation-international-senior-mobile-engineer
 Demand Generation Manager ," Tallinn, Estonia ", Toggl ,https://weworkremotely.com//remote-jobs/toggl-demand-generation-manager
 Lead Machine Learning Engineer , Florida , ivisa ,https://weworkremotely.com//remote-jobs/ivisa-lead-machine-learning-engineer
 Remote Customer Support Specialist (Ukrainian Required) , San Francisco , Loop Support ,https://weworkremotely.com//remote-jobs/loop-support-remote-customer-support-specialist-ukrainian-required
" Technical Support Specialist (Remote) - Entry Level, No Degree Required, 15 - 18 "," Atlanta, Georgia ", NoGigiddy ,https://weworkremotely.com//remote-jobs/nogigiddy-technical-support-specialist-remote-entry-level-no-degree-required-15-18-2
 Remote Customer Success Specialist ," Atlanta, Georgia ", NoGigiddy ,https://weworkremotely.com//remote-jobs/nogigiddy-remote-customer-success-specialist-4
 Senior Frontend-Focused Full-Stack Engineer - (Next.js/React/Node.js) ," Minneapolis, MN ", Collaboration.Ai ,https://weworkremotely.com//remote-jobs/collaboration-ai-senior-frontend-focused-full-stack-engineer-next-js-react-node-js
 Senior Backend Engineer - Data Engineering & AI/LLM Focus ," Minneapolis, MN ", Collaboration.Ai ,https://weworkremotely.com//remote-jobs/collaboration-ai-senior-backend-engineer-data-engineering-ai-llm-focus
 Senior React Developer ," Canton, Ohio ", SKYCATCHFIRE ,https://weworkremotely.com//remote-jobs/skycatchfire-senior-react-developer
" Lead Product Engineer, Integration Engine ", United States , Integration App ,https://weworkremotely.com//remote-jobs/integration-app-lead-product-engineer-integration-engine
 Sales Consultant ," Plantation, FL ", Real Nadeau Agency ,https://weworkremotely.com//remote-jobs/real-nadeau-agency-sales-consultant
 Content Writer ,Ï†ïÎ≥¥ÏóÜÏùå, Groove ,https://weworkremotely.com//remote-jobs/groove-content-writer
 Senior Django Developer ," Canton, Ohio ", SKYCATCHFIRE ,https://weworkremotely.com//remote-jobs/skycatchfire-senior-django-developer
 DevSecOps Engineer , Cyprus or Remote , XM ,https://weworkremotely.com//remote-jobs/xm-devsecops-engineer
" Investment Manager @Tomahawk.VC (Full-Time, Remote) ", 100% remote , Tomahawk.VC ,https://weworkremotely.com//remote-jobs/tomahawk-vc-investment-manager-tomahawk-vc-full-time-remote
 UX & Product Design Lead @ailean.io , 100% remote , ailean.io ,https://weworkremotely.com//remote-jobs/ailean-io-ux-product-design-lead-ailean-io
 Backend Engineer- Python , 10001 , Search Atlas - Advanced SEO Software ,https://weworkremotely.com//remote-jobs/search-atlas-advanced-seo-software-backend-engineer-python
 Senior Full-Stack Software Engineer , Remote , Zamp ,https://weworkremotely.com//remote-jobs/zamp-senior-full-stack-software-engineer
 Sales Development Representative (Americas) ," Tallinn, Estonia ", Toggl ,https://weworkremotely.com//remote-jobs/toggl-sales-development-representative-americas-5
 Ad Designer | $60K-$72K + Up to 40% Bonus | Design for $220M Owner‚Äôs Brand , United States , Home Service Freedom ,https://weworkremotely.com//remote-jobs/home-service-freedom-ad-designer-60k-72k-up-to-40-bonus-design-for
 Webflow & CRO Specialist , United States , Surge ,https://weworkremotely.com//remote-jobs/surge-webflow-cro-specialist
" Software Engineer (Python), Data Platform "," San Francisco, CA ", Doximity ,https://weworkremotely.com//remote-jobs/doximity-software-engineer-python-data-platform
 Remote Content Writer (Full-Time/Part-Time) ," Atlanta, Georgia ", NoGigiddy ,https://weworkremotely.com//remote-jobs/nogigiddy-remote-content-writer-full-time-part-time-3
 Senior YouTube Strategist , LA , I Will Teach You To Be Rich - by Ramit Sethi ,https://weworkremotely.com//remote-jobs/i-will-teach-you-to-be-rich-by-ramit-sethi-senior-youtube-strategist
 Senior Backend Ruby on Rails Developer , Dublin , Ticketsolve ,https://weworkremotely.com//remote-jobs/ticketsolve-senior-backend-ruby-on-rails-developer
 Product Designer ," Chicago, Illinois ", 37signals ,https://weworkremotely.com//remote-jobs/37signals-product-designer
 Security Architect , Berlin/Chicago , RemoteMore ,https://weworkremotely.com//remote-jobs/remotemore-security-architect
 Senior Product Manager ," Landshut, Germany ", HiveMQ ,https://weworkremotely.com//remote-jobs/hivemq-senior-product-manager
 Growth & Operations Manager (Creator Platforms) , Miami , Bunny Agency LLC ,https://weworkremotely.com//remote-jobs/bunny-agency-llc-growth-operations-manager-creator-platforms
 Senior Full-Stack Engineer (Laravel & Vue) , Finland , Nordhealth ,https://weworkremotely.com//remote-jobs/nordhealth-senior-full-stack-engineer-laravel-vue
 Engineering Technical Lead - Node.js - EMEA , Finland , Hostaway Opco Oy ,https://weworkremotely.com//remote-jobs/hostaway-engineering-technical-lead-node-js-emea-1
 Cloud Security Engineer , Cyprus or Remote , XM ,https://weworkremotely.com//remote-jobs/xm-cloud-security-engineer
